rName,rId,relaxation_rate
GLY,2,0.045074207236590114
ARG,3,0.09056289419054875
GLY,4,0.06761502980096895
LYS,5,1.7018163207774986
GLY,6,0.28501121581333544
GLY,7,0.8385980881743205
LYS,8,1.4687885514292156
GLY,9,1.4607415214622992
LEU,10,1.0831160040005137
GLY,11,1.8982292702185397
LYS,12,1.973245822424635
GLY,13,0.7011980329812249
GLY,14,1.3751264893010857
ALA,15,0.3254878584333499
LYS,16,0.7148450695233075
ARG,17,0.269463953796116
HIE,18,0.3096414784640989
ARG,19,1.2212674770914296
LYS,20,0.33919333942986546
VAL,21,0.38843742405966614
LEU,22,0.19133576565425886
ARG,23,0.8199763392186092
ASP,24,0.17713582233660607
ASN,25,0.1353770086498462
