rId,rName,limit_ns,exp-6-a1,exp-6-a2,exp-6-a3,exp-6-a4,exp-6-a5,exp-6-a6,exp-6-tau1,exp-6-tau2,exp-6-tau3,exp-6-tau4,exp-6-tau5,exp-6-tau6
2,GLY,10,0.06973715509258116,0.05756446586020274,4.3787056143787945e-14,4.492058873459076e-32,1.2625331741665865e-13,0.8726983790470461,0.0001000001,0.02176131703444427,69.29253684231054,79.20289256074236,110.52027106423958,163.39999972705755
3,ARG,10,0.015321185581221641,0.011730866730773339,0.0214636050030523,0.2569112487198534,0.28226544061944486,0.41230765334565445,0.0001000001,0.03419916612263223,0.7416838790351026,163.39980895091014,163.39999636959084,163.39999766904884
4,GLY,10,0.0597480957639005,0.6841674439618474,0.03678119351313796,5.407799155463308e-07,0.010146778137332583,0.20915594784386612,0.0001000001,163.3998447532316,0.04404356951376842,106.54976524688514,0.53677292905304,163.17787785353468
5,LYS,10,0.07949534688590654,1.2825222717984006e-06,0.3097253684914836,0.31441303790141883,0.11293908874892382,0.18342587544999542,0.0001000001,10.60705504308086,1.3434412339132609,0.4598865102242706,1.6006284666177282,0.056207316232039735
6,GLY,10,0.10223741197136815,0.2321255944171091,0.1502934738152805,0.1816178846573266,0.16127522573137001,0.17245040940754564,0.0001000001,0.23404701333306877,163.35273931733906,162.76550979818694,163.39999019372723,163.19259069883643
7,GLY,10,0.12387712217150404,0.27359876784779874,4.428639941740518e-07,0.08640495261183938,0.03496365166556057,0.481155062839303,0.0001000001,0.19132457000263714,103.4732974250218,23.294553059493175,62.6051827885493,5.623931305663761
8,LYS,10,0.1048120093891527,0.40413874116821014,0.18788069658181056,0.16879226186882304,0.1343673899680074,8.901023996136448e-06,0.0001000001,0.09305359562684773,1.6671984189124767,1.6691823867326123,1.6645087383939392,15.660385249059093
9,GLY,10,0.08980023046254237,0.18485505905088928,2.344723075349328e-06,0.09740880526101918,0.5366925358522863,0.09124102465018757,0.0001000001,0.07145306718539311,9.638904633870194,21.422800507493232,0.9113496877617375,24.56901013752178
10,LEU,10,0.0933734910037376,0.31821687803914894,2.439053648322933e-06,0.4263203253850354,8.971036614334255e-05,0.16199715615228638,0.0001000001,0.09003684074965805,3.7108143885785996,0.5397187924557365,6.2973346756257635,13.0340790931228
11,GLY,10,0.08127697988315508,0.0015375935676307157,0.02175760969602046,0.21994023302308746,0.6754875816232752,2.206831206587658e-09,0.0001000001,1.4940100177347573,1.4407593399671528,0.06969205683080781,1.4454915164197477,20.566100939579105
12,LYS,10,0.04132792699246168,0.19530221516274104,2.5378225402094066e-06,0.09560572986221513,0.13327624849885142,0.5344853416611905,0.0001000001,0.06048112271359956,1.6472454296903933,0.9478719105276275,0.943494714746936,0.9431307048246579
13,GLY,10,0.10572935500361069,0.11963793567610759,0.087443375760766,0.2721924228544947,2.693312251821825e-06,0.4149942173927692,0.0001000001,0.4350873310299309,0.04242074984134551,0.43738591116166753,14.484804866879802,152.0919173408914
14,GLY,10,0.12526495146952865,4.89516231053461e-07,0.00015475829904516695,0.19023831268978725,0.6110787472993969,0.07326274072601095,0.0001000001,81.1764573737793,27.92305822782406,0.09328906022392629,3.065577465694368,3.213546390323233
15,ALA,10,0.09191028825989078,1.2153898598028212e-07,1.3980858654670117e-06,0.19766853209130159,0.2846635020559685,0.42575615796798766,0.0001000001,145.74145695784586,132.80969138547948,0.2949252699247911,0.02506581854356431,163.39777594247113
16,LYS,10,0.04039780398210957,1.061004772374904e-06,0.19880150089267476,0.4851618335177863,0.20220482681753113,0.07343297378512578,0.0001000001,99.10629681350422,13.003993256565732,8.136494855549644,0.22282278540567965,0.013123817826841426
17,ARG,10,0.02033983064453837,0.044342198472999216,1.0298614383207004e-08,0.5558339085842788,0.07192596119396594,0.30755809080560326,0.0001000001,137.19519998083817,119.42251545871774,24.62088000114453,0.06195533919546273,23.89358570484916
18,HIE,10,0.06668783068921713,1.1386094775736596e-06,0.1794863465650171,0.07566273396608122,0.647321703024133,0.030840247146073897,0.0001000001,145.12421050007063,19.98220780543972,0.06690843619166079,20.183681831078804,139.6560192089048
19,ARG,10,0.02039012583968547,0.09449904551192624,0.1281019100079003,0.04418351632054776,0.4985409345949804,0.21428446772495982,0.0001000001,114.76718494125467,3.002511149980737,0.04701795293022689,2.937525849941255,130.1800184998421
20,LYS,10,0.11482365803865191,0.1894041059989796,0.14070077465094089,0.3251539707299204,0.015445267646945818,0.21447222293456122,0.0001000001,163.3995602549351,147.78180683072648,0.18969998853097952,154.06733843553297,159.43464129238546
21,VAL,10,0.0839435873321166,0.15396899990116736,0.16684617355222836,0.06897840213825969,0.2905828252641978,0.23568001181203013,0.0001000001,148.72459996870208,146.7752421135403,0.025363960793853092,0.1665659016390822,15.38742970144796
22,LEU,10,0.0783908107605632,0.22458301788674498,0.16769399148497036,0.16443912456270637,0.04922584636715656,0.3156672089378585,0.0001000001,163.33015634634415,163.12614714667524,0.19113693038143953,162.75018546087998,163.13938438234135
23,ARG,10,0.017714094687311555,6.191087549497378e-06,0.34739676357317667,0.21345611439997828,0.3979230540036732,0.02350378224831077,0.0001000001,163.23450958984265,6.665454663640264,0.06544135144000049,6.618287868943982,162.37488207544493
24,ASP,10,0.06180578181455365,0.18536655554181186,0.1751835983810019,0.0872579478468463,0.16853389120787057,0.3218522252079157,0.0001000001,163.3999999999878,163.27549774466547,0.06972586505329958,10.292994504985616,163.3998332511166
25,ASN,10,0.05938970570876445,0.22827466335730082,0.17338398238791583,0.07871388368441923,0.07290655648071591,0.38733120838088375,0.0001000001,163.39812115207684,155.51984383706287,153.92291740320815,4.541367182056697,163.39995730007627
